graph name;iterations;time[ms];crossing_res;n;m;ang.res;aspect. Ratio;#crossing;
graph_2295.txt;400;770;48.4091;96;144;17.118696455075714;2.765956770097652;74;
graph_2451.txt;100;185;29.8149;92;138;3.7436982350078263;2.4899248620321397;70;
graph_927.txt;400;621;37.2797;84;126;22.71048852529188;2.349548546041101;64;
